{
  "cross_teacher": [
    {
      "teacher": "dinov2_small",
      "rho": -0.4190904061605034,
      "p": 8.03538595804115e-05,
      "n": 83
    },
    {
      "teacher": "clip_vit_b32",
      "rho": -0.5210080540221166,
      "p": 4.426420537980571e-07,
      "n": 83
    },
    {
      "teacher": "convnext_base_fcmae",
      "rho": -0.40566582617955566,
      "p": 0.00014197762701175287,
      "n": 83
    },
    {
      "teacher": "mae_vit_base",
      "rho": -0.4505788658499822,
      "p": 1.916876727873938e-05,
      "n": 83
    }
  ],
  "baselines": {},
  "probe_ablation": {},
  "layer_wise": {}
}