{
  "trajectory": {
    "n_archs": 10,
    "n_drops": 9,
    "rho_init": 0.35757575757575755,
    "p_init": 0.3103760917056799,
    "rho_pretrained": -0.07878787878787878,
    "p_pretrained": 0.8287173946974606,
    "per_arch": {
      "resnet18": {
        "init_cka": 0.032987888902425766,
        "pretrained_cka": 0.0203787200152874,
        "acc": 71.5,
        "family": "CNN"
      },
      "resnet50": {
        "init_cka": 0.03895031288266182,
        "pretrained_cka": 0.021218882873654366,
        "acc": 79.8,
        "family": "CNN"
      },
      "resnet152": {
        "init_cka": 0.03613508492708206,
        "pretrained_cka": 0.01761668361723423,
        "acc": 82.0,
        "family": "CNN"
      },
      "efficientnet_b0": {
        "init_cka": 0.04276817664504051,
        "pretrained_cka": 0.030699359253048897,
        "acc": 77.7,
        "family": "EffNet"
      },
      "efficientnetv2_m": {
        "init_cka": 0.037538886070251465,
        "pretrained_cka": 0.019755858927965164,
        "acc": 85.1,
        "family": "EffNet"
      },
      "vit_tiny_patch16": {
        "init_cka": 0.04083544760942459,
        "pretrained_cka": 0.016094597056508064,
        "acc": 75.5,
        "family": "ViT"
      },
      "vit_base_patch16": {
        "init_cka": 0.05651218816637993,
        "pretrained_cka": 0.02116774395108223,
        "acc": 84.0,
        "family": "ViT"
      },
      "mobilenetv3_small": {
        "init_cka": 0.03377309814095497,
        "pretrained_cka": 0.0175628624856472,
        "acc": 67.7,
        "family": "Mobile"
      },
      "convnext_base": {
        "init_cka": 0.10164181143045425,
        "pretrained_cka": 0.014340762980282307,
        "acc": 83.8,
        "family": "ConvNeXt"
      },
      "swin_base": {
        "init_cka": 0.008486215956509113,
        "pretrained_cka": 0.014940918423235416,
        "acc": 83.5,
        "family": "Swin"
      }
    }
  },
  "baselines": {
    "SNIP": {
      "rho": 0.15526235754849338,
      "p": 0.16104345053429842,
      "n": 83,
      "ci_lower": -0.07278895512096707,
      "ci_upper": 0.3751402183901553
    },
    "GraSP": {
      "rho": 0.011416071427552328,
      "p": 0.9334492768801537,
      "n": 56,
      "ci_lower": -0.25668121196649707,
      "ci_upper": 0.2770478358834542
    }
  },
  "knn_sensitivity": {
    "cosine_k1": {
      "rho": -0.009319457551854017,
      "p": 0.9333597835557802,
      "n": 83,
      "k": 1,
      "metric": "cosine"
    },
    "cosine_k3": {
      "rho": 0.0246561090363812,
      "p": 0.8248940188917832,
      "n": 83,
      "k": 3,
      "metric": "cosine"
    },
    "cosine_k5": {
      "rho": 0.0014715788217531103,
      "p": 0.9894655143459974,
      "n": 83,
      "k": 5,
      "metric": "cosine"
    },
    "cosine_k10": {
      "rho": 0.017657216953188812,
      "p": 0.8741119826131274,
      "n": 83,
      "k": 10,
      "metric": "cosine"
    },
    "cosine_k15": {
      "rho": -0.010324050261425601,
      "p": 0.9261954491868107,
      "n": 83,
      "k": 15,
      "metric": "cosine"
    },
    "cosine_k20": {
      "rho": -0.03697347582913521,
      "p": 0.7400029603552667,
      "n": 83,
      "k": 20,
      "metric": "cosine"
    },
    "cosine_k30": {
      "rho": 0.061697359957833466,
      "p": 0.5795148305257719,
      "n": 83,
      "k": 30,
      "metric": "cosine"
    },
    "cosine_k50": {
      "rho": -0.011031457044547412,
      "p": 0.9211540079017609,
      "n": 83,
      "k": 50,
      "metric": "cosine"
    },
    "euclidean_k1": {
      "rho": 0.10749396209781438,
      "p": 0.3334085954608477,
      "n": 83,
      "k": 1,
      "metric": "euclidean"
    },
    "euclidean_k3": {
      "rho": 0.05168120475336408,
      "p": 0.6426420849234707,
      "n": 83,
      "k": 3,
      "metric": "euclidean"
    },
    "euclidean_k5": {
      "rho": -0.05217968398451834,
      "p": 0.6394346018761453,
      "n": 83,
      "k": 5,
      "metric": "euclidean"
    },
    "euclidean_k10": {
      "rho": 0.005637528953115561,
      "p": 0.9596587575898018,
      "n": 83,
      "k": 10,
      "metric": "euclidean"
    },
    "euclidean_k15": {
      "rho": -0.046947740819273075,
      "p": 0.6734190453536248,
      "n": 83,
      "k": 15,
      "metric": "euclidean"
    },
    "euclidean_k20": {
      "rho": -0.0844070308438158,
      "p": 0.44804529568622914,
      "n": 83,
      "k": 20,
      "metric": "euclidean"
    },
    "euclidean_k30": {
      "rho": -0.07588718785164396,
      "p": 0.49532471110311976,
      "n": 83,
      "k": 30,
      "metric": "euclidean"
    },
    "euclidean_k50": {
      "rho": -0.052921604584784065,
      "p": 0.6346729269366839,
      "n": 83,
      "k": 50,
      "metric": "euclidean"
    },
    "whitened_cosine_k5": {
      "rho": -0.12351824295441673,
      "p": 0.2659209727682113,
      "n": 83,
      "k": 5,
      "metric": "whitened_cosine"
    },
    "whitened_cosine_k10": {
      "rho": -0.05080359863529895,
      "p": 0.6483049648892775,
      "n": 83,
      "k": 10,
      "metric": "whitened_cosine"
    },
    "whitened_cosine_k20": {
      "rho": 0.04522362543927013,
      "p": 0.6847673674635475,
      "n": 83,
      "k": 20,
      "metric": "whitened_cosine"
    }
  },
  "layerwise": {
    "n_valid": 81,
    "rho_early": 0.37037413659242285,
    "p_early": 0.000665403082490323,
    "rho_late": -0.37725152931690326,
    "p_late": 0.000517157791650762
  },
  "ensemble": {
    "Inverted CKA only": {
      "rho": 0.4097480966272375,
      "p": 0.0017123529899409741,
      "best_found": 83.8,
      "regret": 0.11918951132301372
    },
    "SNIP only": {
      "rho": 0.06641145743632988,
      "p": 0.626750029620925,
      "best_found": 83.5,
      "regret": 0.47675804529202104
    },
    "GraSP only": {
      "rho": 0.011416071427552328,
      "p": 0.9334492768801537,
      "best_found": 80.6,
      "regret": 3.9332538736591314
    },
    "log(params) only": {
      "rho": 0.4567019311531489,
      "p": 0.00040312239993616086,
      "best_found": 83.8,
      "regret": 0.11918951132301372
    },
    "InvCKA + SNIP": {
      "rho": 0.39744334898077394,
      "p": 0.0024203562715714344,
      "best_found": 83.8,
      "regret": 0.11918951132301372
    },
    "InvCKA + GraSP": {
      "rho": 0.39638377348899506,
      "p": 0.0024920605903759577,
      "best_found": 83.8,
      "regret": 0.11918951132301372
    },
    "InvCKA + size": {
      "rho": 0.6253887991315118,
      "p": 2.5630248356953695e-07,
      "best_found": 83.8,
      "regret": 0.11918951132301372
    },
    "InvCKA + SNIP + size": {
      "rho": 0.5942851314696178,
      "p": 1.3732699779816827e-06,
      "best_found": 83.8,
      "regret": 0.11918951132301372
    },
    "InvCKA + GraSP + size": {
      "rho": 0.6765560414280564,
      "p": 1.0435888819106437e-08,
      "best_found": 83.8,
      "regret": 0.11918951132301372
    },
    "AZ-NAS style (all 4)": {
      "rho": 0.6844857676891105,
      "p": 5.9991945960162416e-09,
      "best_found": 83.8,
      "regret": 0.11918951132301372
    }
  },
  "transfer": {
    "CIFAR-100_cka_noise": {
      "rho": -0.04591801935682513,
      "p": 0.6801882113112592,
      "ci": [
        -0.2832491313754035,
        0.18426990844173607
      ],
      "n": 83
    },
    "CIFAR-100_imagenet": {
      "rho": 0.44907759804022485,
      "p": 2.0591298875188826e-05,
      "n": 83
    },