{
  "config": {
    "teacher": "vit_small_patch14_dinov2.lvd142m",
    "num_images": 512,
    "seed": 42,
    "device": "mps"
  },
  "results": {
    "resnet18": {
      "family": "CNN",
      "params": 11.7,
      "gt_acc": 71.5,
      "cka_pretrained": 0.017920322942500035,
      "cosine_pretrained": 0.01792032502688561,
      "knn_pretrained": 0.021484375,
      "cka_random": 0.030317281421841483,
      "cosine_random": 0.030317344387601412,
      "knn_random": 0.01953125,
      "repnas_score": 0.0189895391850657,
      "naswot": -4384.21508069018,
      "gradnorm": 0.6396879759603611,
      "synflow": 19.172214760718795
    },
    "resnet34": {
      "family": "CNN",
      "params": 21.8,
      "gt_acc": 75.1,
      "cka_pretrained": 0.027100563276068256,
      "cosine_pretrained": 0.02710059848749069,
      "knn_pretrained": 0.0212890625,
      "cka_random": 0.02721398264753791,
      "cosine_random": 0.027214016616080788,
      "knn_random": 0.0201171875,
      "repnas_score": 0.02535712360667451,
      "naswot": -4404.5681595223405,
      "gradnorm": 0.6391005662524054,
      "synflow": 19.174639832685884
    },
    "resnet50": {
      "family": "CNN",
      "params": 25.6,
      "gt_acc": 79.8,
      "cka_pretrained": 0.02293051439964318,
      "cosine_pretrained": 0.022930555899570087,
      "knn_pretrained": 0.0212890625,
      "cka_random": 0.03279025504623537,
      "cosine_random": 0.03279031356540637,
      "knn_random": 0.01796875,
      "repnas_score": 0.022438091279728296,
      "naswot": -4401.750822061699,
      "gradnorm": 1.2477706000598787,
      "synflow": 23.665865652799035
    },
    "resnet101": {
      "family": "CNN",
      "params": 44.5,
      "gt_acc": 81.5,
      "cka_pretrained": 0.03322435324849186,
      "cosine_pretrained": 0.033224408411216586,
      "knn_pretrained": 0.0234375,
      "cka_random": 0.029374649787431144,
      "cosine_random": 0.029374711874796077,
      "knn_random": 0.0173828125,
      "repnas_score": 0.03028831382276172,
      "naswot": -4415.3555861146415,
      "gradnorm": 1.2531049193062804,
      "synflow": 23.640714705067175
    },
    "resnet152": {
      "family": "CNN",
      "params": 60.2,
      "gt_acc": 82.0,
      "cka_pretrained": 0.018548246267078315,
      "cosine_pretrained": 0.018548287922210346,
      "knn_pretrained": 0.0208984375,
      "cka_random": 0.032760641399735425,
      "cosine_random": 0.032760693033855495,
      "knn_random": 0.0240234375,
      "repnas_score": 0.01925331613349443,
      "naswot": -4450.965766878744,
      "gradnorm": 1.249433759545619,
      "synflow": 23.65641302922111
    },
    "resnext50_32x4d": {
      "family": "CNN",
      "params": 25.0,
      "gt_acc": 80.1,
      "cka_pretrained": 0.026597454843699495,
      "cosine_pretrained": 0.026597491117504538,
      "knn_pretrained": 0.0185546875,
      "cka_random": 0.030658853901986794,
      "cosine_random": 0.030658914081918523,
      "knn_random": 0.01796875,
      "repnas_score": 0.02418463552273116,
      "naswot": -4414.6708762444805,
      "gradnorm": 1.250151991912845,
      "synflow": 23.64834328329345
    },
    "wide_resnet50_2": {
      "family": "CNN",
      "params": 68.9,
      "gt_acc": 81.6,
      "cka_pretrained": 0.029797159066106887,
      "cosine_pretrained": 0.029797181370240858,
      "knn_pretrained": 0.0205078125,
      "cka_random": 0.03700029547751573,
      "cosine_random": 0.037000316211315325,
      "knn_random": 0.0201171875,
      "repnas_score": 0.02701036178751501,
      "naswot": -4402.06437883807,
      "gradnorm": 1.2418025472757166,
      "synflow": 23.662211870053895
    },
    "densenet121": {
      "family": "CNN",
      "params": 8.0,
      "gt_acc": 75.6,
      "cka_pretrained": 0.029396566102656396,
      "cosine_pretrained": 0.029396631635137005,
      "knn_pretrained": 0.020703125,
      "cka_random": 0.034584675669836466,
      "cosine_random": 0.03458473497237306,
      "knn_random": 0.0134765625,
      "repnas_score": 0.026788553431603662,
      "naswot": -4471.998866642055,
      "gradnorm": 1.6102636266780748,
      "synflow": NaN
    },
    "efficientnet_b0": {
      "family": "EffNet",
      "params": 5.3,
      "gt_acc": 77.7,
      "cka_pretrained": 0.019922512838425832,
      "cosine_pretrained": 0.019922558169646824,
      "knn_pretrained": 0.0185546875,
      "cka_random": 0.03539568546721075,
      "cosine_random": 0.03539575367241852,
      "knn_random": 0.0185546875,
      "repnas_score": 0.01951217883626438,
      "naswot": -4333.023985104253,
      "gradnorm": 1.0570720511150629,
      "synflow": NaN
    },
    "efficientnet_b1": {
      "family": "EffNet",
      "params": 7.8,
      "gt_acc": 79.2,
      "cka_pretrained": 0.023680304007234587,
      "cosine_pretrained": 0.02368034598948629,
      "knn_pretrained": 0.01953125,
      "cka_random": 0.032239621181925526,
      "cosine_random": 0.0322396817739528,
      "knn_random": 0.0171875,
      "repnas_score": 0.02243560039973972,
      "naswot": -4321.539962013402,
      "gradnorm": 1.4671700790153606,
      "synflow": NaN
    },
    "efficientnet_b2": {
      "family": "EffNet",
      "params": 9.1,
      "gt_acc": 80.6,
      "cka_pretrained": 0.013431267350514855,
      "cosine_pretrained": 0.013431280587014142,
      "knn_pretrained": 0.0212890625,
      "cka_random": 0.03386358110228687,
      "cosine_random": 0.03386361788483254,
      "knn_random": 0.019921875,
      "repnas_score": 0.015788609866310185,
      "naswot": -4308.902458286011,
      "gradnorm": 1.5267287715921862,
      "synflow": NaN
    },
    "efficientnet_b3": {
      "family": "EffNet",
      "params": 12.2,
      "gt_acc": 82.0,
      "cka_pretrained": 0.009158411488471126,
      "cosine_pretrained": 0.009158427714837216,
      "knn_pretrained": 0.0189453125,
      "cka_random": 0.03583394876856835,
      "cosine_random": 0.03583396174481393,
      "knn_random": 0.019921875,
      "repnas_score": 0.012094486659839615,
      "naswot": -4300.669214296838,
      "gradnorm": 1.7478136665269697,
      "synflow": NaN
    },
    "mobilenetv2_100": {
      "family": "Mobile",
      "params": 3.5,
      "gt_acc": 72.9,
      "cka_pretrained": 0.020196684997879664,
      "cosine_pretrained": 0.020196713383845932,
      "knn_pretrained": 0.019140625,
      "cka_random": 0.05729810971791682,
      "cosine_random": 0.057298133735248044,
      "knn_random": 0.020703125,
      "repnas_score": 0.019879875514305645,
      "naswot": 0.0,
      "gradnorm": 2.657474841347203,
      "synflow": 11.707350303568852
    },
    "mobilenetv3_large": {
      "family": "Mobile",
      "params": 5.5,
      "gt_acc": 75.8,
      "cka_pretrained": 0.02514312094711393,
      "cosine_pretrained": 0.02514314347980981,
      "knn_pretrained": 0.0185546875,
      "cka_random": 0.032899539156891304,
      "cosine_random": 0.03289956692444756,
      "knn_random": 0.0169921875,
      "repnas_score": 0.023166597672788513,
      "naswot": -4364.976063574114,
      "gradnorm": 0.5544105386556875,
      "synflow": NaN
    },
    "mobilenetv3_small": {
      "family": "Mobile",
      "params": 2.5,
      "gt_acc": 67.7,
      "cka_pretrained": 0.015394437759190867,
      "cosine_pretrained": 0.01539445359052599,
      "knn_pretrained": 0.0177734375,
      "cka_random": 0.024195009014765897,
      "cosine_random": 0.024195046966870793,
      "knn_random": 0.0234375,
      "repnas_score": 0.016108142430834145,
      "naswot": -4385.938533913848,
      "gradnorm": -0.11971929168757761,
      "synflow": 83.24322670961033
    },
    "convnext_tiny": {
      "family": "ConvNeXt",
      "params": 28.6,
      "gt_acc": 82.1,
      "cka_pretrained": 0.011062356781668317,
      "cosine_pretrained": 0.011062368087093426,
      "knn_pretrained": 0.0220703125,
      "cka_random": 0.08227834511765963,
      "cosine_random": 0.0822784766009449,
      "knn_random": 0.02109375,
      "repnas_score": 0.014364746888795354,
      "naswot": 0.0,