{
  "transfer": {
    "resnet18": {
      "imagenet_acc": 71.5,
      "cifar100_acc": 55.95,
      "flowers102_acc": 81.52000000000001,
      "params": 11.7,
      "family": "CNN"
    },
    "resnet34": {
      "imagenet_acc": 75.1,
      "cifar100_acc": 59.4,
      "flowers102_acc": 77.4,
      "params": 21.8,
      "family": "CNN"
    },
    "resnet50": {
      "imagenet_acc": 79.8,
      "cifar100_acc": 62.35000000000001,
      "flowers102_acc": 82.08,
      "params": 25.6,
      "family": "CNN"
    },
    "resnet101": {
      "imagenet_acc": 81.5,
      "cifar100_acc": 66.55,
      "flowers102_acc": 81.28,
      "params": 44.5,
      "family": "CNN"
    },
    "resnet152": {
      "imagenet_acc": 82.0,
      "cifar100_acc": 67.30000000000001,
      "flowers102_acc": 82.82000000000001,
      "params": 60.2,
      "family": "CNN"
    },
    "resnext50_32x4d": {
      "imagenet_acc": 80.1,
      "cifar100_acc": 59.95,
      "flowers102_acc": 81.42,
      "params": 25.0,
      "family": "CNN"
    },
    "resnext101_32x8d": {
      "imagenet_acc": 82.2,
      "cifar100_acc": 66.05,
      "flowers102_acc": 86.24000000000001,
      "params": 88.8,
      "family": "CNN"
    },
    "wide_resnet50_2": {
      "imagenet_acc": 81.6,
      "cifar100_acc": 66.55,
      "flowers102_acc": 81.24,
      "params": 68.9,
      "family": "CNN"
    },
    "wide_resnet101_2": {
      "imagenet_acc": 82.5,
      "cifar100_acc": 71.95,
      "flowers102_acc": 82.56,
      "params": 126.9,
      "family": "CNN"
    },
    "densenet121": {
      "imagenet_acc": 75.6,
      "cifar100_acc": 62.050000000000004,
      "flowers102_acc": 87.83999999999999,
      "params": 8.0,
      "family": "CNN"
    },
    "densenet169": {
      "imagenet_acc": 76.2,
      "cifar100_acc": 60.050000000000004,
      "flowers102_acc": 85.78,
      "params": 14.1,
      "family": "CNN"
    },
    "densenet201": {
      "imagenet_acc": 77.4,
      "cifar100_acc": 61.550000000000004,
      "flowers102_acc": 87.02,
      "params": 20.0,
      "family": "CNN"
    },
    "efficientnet_b0": {
      "imagenet_acc": 77.7,
      "cifar100_acc": 65.35,
      "flowers102_acc": 88.03999999999999,
      "params": 5.3,
      "family": "EffNet"
    },
    "efficientnet_b1": {
      "imagenet_acc": 79.2,
      "cifar100_acc": 65.25,
      "flowers102_acc": 86.58,
      "params": 7.8,
      "family": "EffNet"
    },
    "efficientnet_b2": {
      "imagenet_acc": 80.6,
      "cifar100_acc": 66.10000000000001,
      "flowers102_acc": 86.9,
      "params": 9.1,
      "family": "EffNet"
    },
    "efficientnet_b3": {
      "imagenet_acc": 82.0,
      "cifar100_acc": 69.75,
      "flowers102_acc": 83.17999999999999,
      "params": 12.2,
      "family": "EffNet"
    },
    "efficientnet_b4": {
      "imagenet_acc": 83.4,
      "cifar100_acc": 69.8,
      "flowers102_acc": 83.82,
      "params": 19.3,
      "family": "EffNet"
    },
    "efficientnetv2_s": {
      "imagenet_acc": 83.9,
      "cifar100_acc": 34.949999999999996,
      "flowers102_acc": 53.16,
      "params": 21.5,
      "family": "EffNet"
    },
    "efficientnetv2_m": {
      "imagenet_acc": 85.1,
      "cifar100_acc": 55.400000000000006,
      "flowers102_acc": 73.2,
      "params": 54.1,
      "family": "EffNet"
    },
    "mobilenetv2_100": {
      "imagenet_acc": 72.9,
      "cifar100_acc": 58.9,
      "flowers102_acc": 87.58,
      "params": 3.5,
      "family": "Mobile"
    },
    "mobilenetv2_140": {
      "imagenet_acc": 76.5,
      "cifar100_acc": 60.650000000000006,
      "flowers102_acc": 88.98,
      "params": 6.1,
      "family": "Mobile"
    },
    "mobilenetv3_large": {
      "imagenet_acc": 75.8,
      "cifar100_acc": 61.9,
      "flowers102_acc": 90.28,
      "params": 5.5,
      "family": "Mobile"
    },
    "mobilenetv3_small": {
      "imagenet_acc": 67.7,
      "cifar100_acc": 57.099999999999994,
      "flowers102_acc": 85.8,
      "params": 2.5,
      "family": "Mobile"
    },
    "mnasnet_100": {
      "imagenet_acc": 74.7,
      "cifar100_acc": 60.8,
      "flowers102_acc": 85.94000000000001,
      "params": 4.4,
      "family": "Mobile"
    },
    "convnext_tiny": {
      "imagenet_acc": 82.1,
      "cifar100_acc": 64.4,
      "flowers102_acc": 78.22,
      "params": 28.6,
      "family": "ConvNeXt"
    },
    "convnext_small": {
      "imagenet_acc": 83.1,
      "cifar100_acc": 69.8,
      "flowers102_acc": 79.34,
      "params": 50.2,
      "family": "ConvNeXt"
    },
    "convnext_base": {
      "imagenet_acc": 83.8,
      "cifar100_acc": 70.39999999999999,
      "flowers102_acc": 82.26,
      "params": 88.6,
      "family": "ConvNeXt"
    },
    "convnext_large": {
      "imagenet_acc": 84.3,
      "cifar100_acc": 73.5,
      "flowers102_acc": 85.1,
      "params": 197.8,
      "family": "ConvNeXt"
    },
    "convnextv2_tiny": {
      "imagenet_acc": 82.9,
      "cifar100_acc": 68.89999999999999,
      "flowers102_acc": 85.78,
      "params": 28.6,
      "family": "ConvNeXt"
    },
    "convnextv2_base": {
      "imagenet_acc": 84.9,
      "cifar100_acc": 75.0,
      "flowers102_acc": 87.18,
      "params": 88.7,
      "family": "ConvNeXt"
    },
    "vit_tiny_patch16": {
      "imagenet_acc": 75.5,
      "cifar100_acc": 45.0,
      "flowers102_acc": 80.60000000000001,
      "params": 5.7,
      "family": "ViT"
    },
    "vit_small_patch16": {
      "imagenet_acc": 81.4,
      "cifar100_acc": 71.95,
      "flowers102_acc": 98.08,
      "params": 22.1,
      "family": "ViT"
    },
    "vit_base_patch16": {
      "imagenet_acc": 84.0,
      "cifar100_acc": 77.25,
      "flowers102_acc": 99.2,
      "params": 86.6,
      "family": "ViT"
    },
    "vit_base_patch32": {
      "imagenet_acc": 80.7,
      "cifar100_acc": 71.1,
      "flowers102_acc": 97.11999999999999,
      "params": 88.2,
      "family": "ViT"
    },
    "vit_large_patch16": {
      "imagenet_acc": 85.8,
      "cifar100_acc": 85.75,
      "flowers102_acc": 99.7,
      "params": 304.3,
      "family": "ViT"
    },
    "vit_small_patch16_dino": {
      "imagenet_acc": 78.0,
      "cifar100_acc": 67.05,
      "flowers102_acc": 93.97999999999999,
      "params": 22.1,
      "family": "ViT"
    },
    "swin_tiny": {
      "imagenet_acc": 81.2,
      "cifar100_acc": 1.0999999999999999,
      "flowers102_acc": 0.4,
      "params": 28.3,
      "family": "Swin"
    },
    "swin_small": {
      "imagenet_acc": 83.2,
      "cifar100_acc": 1.0999999999999999,
      "flowers102_acc": 1.44,
      "params": 49.6,
      "family": "Swin"
    },
    "swin_base": {
      "imagenet_acc": 83.5,
      "cifar100_acc": 1.0999999999999999,
      "flowers102_acc": 2.48,
      "params": 87.8,
      "family": "Swin"
    },
    "deit_tiny": {
      "imagenet_acc": 72.2,
      "cifar100_acc": 58.3,
      "flowers102_acc": 80.36,
      "params": 5.7,
      "family": "DeiT"
    },
    "deit_small": {
      "imagenet_acc": 79.9,
      "cifar100_acc": 66.95,
      "flowers102_acc": 84.5,
      "params": 22.1,
      "family": "DeiT"
    },
    "deit_base": {
      "imagenet_acc": 81.8,
      "cifar100_acc": 71.15,
      "flowers102_acc": 87.44,
      "params": 86.6,
      "family": "DeiT"
    },
    "deit3_small": {
      "imagenet_acc": 81.4,
      "cifar100_acc": 63.3,
      "flowers102_acc": 73.72,
      "params": 22.1,
      "family": "DeiT"
    },
    "deit3_base": {
      "imagenet_acc": 83.8,
      "cifar100_acc": 73.5,
      "flowers102_acc": 85.22,
      "params": 86.6,
      "family": "DeiT"
    },
    "deit3_large": {
      "imagenet_acc": 84.9,
      "cifar100_acc": 76.75,
      "flowers102_acc": 86.88,
      "params": 304.4,
      "family": "DeiT"
    },
    "regnetx_016": {
      "imagenet_acc": 73.0,
      "cifar100_acc": 59.8,
      "flowers102_acc": 78.74,
      "params": 9.2,
      "family": "RegNet"
    },
    "regnetx_032": {
      "imagenet_acc": 75.2,
      "cifar100_acc": 64.35,
      "flowers102_acc": 80.46,
      "params": 15.3,
      "family": "RegNet"
    },