{"0.01": {"random": {"spearman": 0.837463023078244, "kendall": 0.6731707978988137, "top5_overlap": 0.4, "top10_overlap": 0.5, "best_true_rank": 14, "top5_true_acc": 83.402}, "stratified": {"spearman": 0.9148936170212767, "kendall": 0.7677304964539008, "top5_overlap": 0.4, "top10_overlap": 0.6, "best_true_rank": 5, "top5_true_acc": 84.50999999999999}, "facility_location": {"spearman": 0.3557955872887349, "kendall": 0.2456762991014116, "top5_overlap": 0.0, "top10_overlap": 0.3, "best_true_rank": 25, "top5_true_acc": 78.43799999999999}, "gradient_diversity": {"spearman": 0.520979211536632, "kendall": 0.3531500946558043, "top5_overlap": 0.4, "top10_overlap": 0.5, "best_true_rank": 4, "top5_true_acc": 83.422}, "activenas": {"spearman": -0.08043855840208423, "kendall": -0.03723404255319149, "top5_overlap": 0.2, "top10_overlap": 0.2, "best_true_rank": 7, "top5_true_acc": 77.11800000000001}}, "0.02": {"random": {"spearman": 0.8834129396439426, "kendall": 0.7216312056737589, "top5_overlap": 0.4, "top10_overlap": 0.5, "best_true_rank": 12, "top5_true_acc": 84.54799999999999}, "stratified": {"spearman": 0.9448259020495816, "kendall": 0.8186253576556062, "top5_overlap": 0.4, "top10_overlap": 0.7, "best_true_rank": 3, "top5_true_acc": 84.51399999999998}, "facility_location": {"spearman": 0.6408836789553046, "kendall": 0.47204987526856257, "top5_overlap": 0.4, "top10_overlap": 0.4, "best_true_rank": 6, "top5_true_acc": 85.36}, "gradient_diversity": {"spearman": 0.7395646756810388, "kendall": 0.5767526671514392, "top5_overlap": 0.2, "top10_overlap": 0.6, "best_true_rank": 6, "top5_true_acc": 85.05}, "activenas": {"spearman": 0.08163930003992059, "kendall": 0.054150070197949596, "top5_overlap": 0.4, "top10_overlap": 0.5, "best_true_rank": 8, "top5_true_acc": 86.2}}}