{
  "0.01": {
    "random": {
      "spearman": 0.837463023078244,
      "kendall": 0.6731707978988137,
      "top5_overlap": 0.4,
      "top10_overlap": 0.5,
      "best_true_rank": 14,
      "top5_true_acc": 83.402
    },
    "stratified": {
      "spearman": 0.9148936170212767,
      "kendall": 0.7677304964539008,
      "top5_overlap": 0.4,
      "top10_overlap": 0.6,
      "best_true_rank": 5,
      "top5_true_acc": 84.50999999999999
    },
    "facility_location": {
      "spearman": 0.3557955872887349,
      "kendall": 0.2456762991014116,
      "top5_overlap": 0.0,
      "top10_overlap": 0.3,
      "best_true_rank": 25,
      "top5_true_acc": 78.43799999999999
    },
    "gradient_diversity": {
      "spearman": 0.520979211536632,
      "kendall": 0.3531500946558043,
      "top5_overlap": 0.4,
      "top10_overlap": 0.5,
      "best_true_rank": 4,
      "top5_true_acc": 83.422
    },
    "activenas": {
      "spearman": -0.08043855840208423,
      "kendall": -0.03723404255319149,
      "top5_overlap": 0.2,
      "top10_overlap": 0.2,
      "best_true_rank": 7,
      "top5_true_acc": 77.11800000000001
    }
  },
  "0.02": {
    "random": {
      "spearman": 0.8834129396439426,
      "kendall": 0.7216312056737589,
      "top5_overlap": 0.4,
      "top10_overlap": 0.5,
      "best_true_rank": 12,
      "top5_true_acc": 84.54799999999999
    },
    "stratified": {
      "spearman": 0.9448259020495816,
      "kendall": 0.8186253576556062,
      "top5_overlap": 0.4,
      "top10_overlap": 0.7,
      "best_true_rank": 3,
      "top5_true_acc": 84.51399999999998
    },
    "facility_location": {
      "spearman": 0.6408836789553046,
      "kendall": 0.47204987526856257,
      "top5_overlap": 0.4,
      "top10_overlap": 0.4,
      "best_true_rank": 6,
      "top5_true_acc": 85.36
    },
    "gradient_diversity": {
      "spearman": 0.7395646756810388,
      "kendall": 0.5767526671514392,
      "top5_overlap": 0.2,
      "top10_overlap": 0.6,
      "best_true_rank": 6,
      "top5_true_acc": 85.05
    },
    "activenas": {
      "spearman": 0.08163930003992059,
      "kendall": 0.054150070197949596,
      "top5_overlap": 0.4,
      "top10_overlap": 0.5,
      "best_true_rank": 8,
      "top5_true_acc": 86.2
    }
  },
  "0.05": {
    "random": {
      "spearman": 0.8733174120712114,
      "kendall": 0.7180851063829788,
      "top5_overlap": 0.2,
      "top10_overlap": 0.4,
      "best_true_rank": 12,
      "top5_true_acc": 84.10999999999999
    },
    "stratified": {
      "spearman": 0.8790946348937222,
      "kendall": 0.7246120446420696,
      "top5_overlap": 0.4,
      "top10_overlap": 0.4,
      "best_true_rank": 12,
      "top5_true_acc": 84.73799999999999
    },
    "facility_location": {
      "spearman": 0.7884281372123317,
      "kendall": 0.5833333333333334,
      "top5_overlap": 0.0,
      "top10_overlap": 0.4,
      "best_true_rank": 12,
      "top5_true_acc": 81.97999999999999
    },
    "gradient_diversity": {
      "spearman": 0.8117790771921625,
      "kendall": 0.6418114877560256,
      "top5_overlap": 0.2,
      "top10_overlap": 0.4,
      "best_true_rank": 5,
      "top5_true_acc": 83.204
    },
    "activenas": {
      "spearman": 0.8899383954058043,
      "kendall": 0.7229141066077074,
      "top5_overlap": 0.4,
      "top10_overlap": 0.7,
      "best_true_rank": 5,
      "top5_true_acc": 84.312
    }
  },
  "0.1": {
    "random": {
      "spearman": 0.9398610508033,
      "kendall": 0.8173758865248227,
      "top5_overlap": 0.6,
      "top10_overlap": 0.6,
      "best_true_rank": 2,
      "top5_true_acc": 85.91
    },
    "stratified": {
      "spearman": 0.8967650890143292,
      "kendall": 0.7535460992907802,
      "top5_overlap": 0.4,
      "top10_overlap": 0.4,
      "best_true_rank": 2,
      "top5_true_acc": 85.5
    },
    "facility_location": {
      "spearman": 0.9271853885684467,
      "kendall": 0.7920178162366808,
      "top5_overlap": 0.4,
      "top10_overlap": 0.6,
      "best_true_rank": 5,
      "top5_true_acc": 85.4
    },
    "gradient_diversity": {
      "spearman": 0.7951257907235204,
      "kendall": 0.6288248955339379,
      "top5_overlap": 0.0,
      "top10_overlap": 0.4,
      "best_true_rank": 9,
      "top5_true_acc": 80.698
    },
    "activenas": {
      "spearman": 0.8354004399635268,
      "kendall": 0.6713969618042187,
      "top5_overlap": 0.2,
      "top10_overlap": 0.5,
      "best_true_rank": 20,
      "top5_true_acc": 83.98599999999999
    }
  }
}