{
  "full_acc": {
    "0": 49.14,
    "1": 50.6,
    "2": 52.45,
    "3": 52.11,
    "4": 54.07,
    "5": 54.45,
    "6": 56.78,
    "7": 54.68,
    "8": 55.53,
    "9": 56.38,
    "10": 58.92,
    "11": 59.15,
    "12": 69.69,
    "13": 68.96,
    "14": 74.07,
    "15": 73.78,
    "16": 75.18,
    "17": 76.48,
    "18": 79.49,
    "19": 78.96,
    "20": 78.83,
    "21": 79.89,
    "22": 81.25,
    "23": 82.59,
    "24": 80.3,
    "25": 80.16,
    "26": 80.99,
    "27": 81.99,
    "28": 84.58,
    "29": 84.32,
    "30": 84.53,
    "31": 85.45,
    "32": 86.46,
    "33": 87.08,
    "34": 86.14,
    "35": 87.41,
    "36": 65.47,
    "37": 70.46,
    "38": 72.16,
    "39": 77.18,
    "40": 77.12,
    "41": 80.54,
    "42": 78.95,
    "43": 81.14,
    "44": 84.41,
    "45": 85.33,
    "46": 87.11,
    "47": 86.67
  },
  "gt_ranking": [
    35,
    46,
    33,
    47,
    32,
    34,
    31,
    45,
    28,
    30,
    44,
    29,
    23,
    27,
    22,
    43,
    26,
    41,
    24,
    25,
    21,
    18,
    19,
    42,
    20,
    39,
    40,
    17,
    16,
    14,
    15,
    38,
    37,
    12,
    13,
    36,
    11,
    10,
    6,
    9,
    8,
    7,
    5,
    4,
    2,
    3,
    1,
    0
  ],
  "num_archs": 48,
  "fractions": [
    0.01,
    0.02,
    0.05,
    0.1
  ],
  "methods": [
    "random",
    "stratified",
    "facility_location",
    "gradient_diversity",
    "activenas"
  ],
  "train_epochs": 8,
  "total_time": 3745.608783006668,
  "0.01": {
    "random": {
      "spearman": 0.837463023078244,
      "kendall": 0.6731707978988137,
      "top5_overlap": 0.4,
      "top10_overlap": 0.5,
      "best_true_rank": 14,
      "top5_true_acc": 83.402
    },
    "stratified": {
      "spearman": 0.9148936170212767,
      "kendall": 0.7677304964539008,
      "top5_overlap": 0.4,
      "top10_overlap": 0.6,
      "best_true_rank": 5,
      "top5_true_acc": 84.50999999999999
    },
    "facility_location": {
      "spearman": 0.3557955872887349,
      "kendall": 0.2456762991014116,
      "top5_overlap": 0.0,
      "top10_overlap": 0.3,
      "best_true_rank": 25,
      "top5_true_acc": 78.43799999999999
    },
    "gradient_diversity": {
      "spearman": 0.520979211536632,
      "kendall": 0.3531500946558043,
      "top5_overlap": 0.4,
      "top10_overlap": 0.5,
      "best_true_rank": 4,
      "top5_true_acc": 83.422
    },
    "activenas": {
      "spearman": -0.08043855840208423,
      "kendall": -0.03723404255319149,
      "top5_overlap": 0.2,
      "top10_overlap": 0.2,
      "best_true_rank": 7,
      "top5_true_acc": 77.11800000000001
    }
  },
  "0.02": {
    "random": {
      "spearman": 0.8834129396439426,
      "kendall": 0.7216312056737589,
      "top5_overlap": 0.4,
      "top10_overlap": 0.5,
      "best_true_rank": 12,
      "top5_true_acc": 84.54799999999999
    },
    "stratified": {
      "spearman": 0.9448259020495816,
      "kendall": 0.8186253576556062,
      "top5_overlap": 0.4,
      "top10_overlap": 0.7,
      "best_true_rank": 3,
      "top5_true_acc": 84.51399999999998
    },
    "facility_location": {
      "spearman": 0.6408836789553046,
      "kendall": 0.47204987526856257,
      "top5_overlap": 0.4,
      "top10_overlap": 0.4,
      "best_true_rank": 6,
      "top5_true_acc": 85.36
    },
    "gradient_diversity": {
      "spearman": 0.7395646756810388,
      "kendall": 0.5767526671514392,
      "top5_overlap": 0.2,
      "top10_overlap": 0.6,
      "best_true_rank": 6,
      "top5_true_acc": 85.05
    },
    "activenas": {
      "spearman": 0.08163930003992059,
      "kendall": 0.054150070197949596,
      "top5_overlap": 0.4,
      "top10_overlap": 0.5,
      "best_true_rank": 8,
      "top5_true_acc": 86.2
    }
  },
  "0.05": {
    "random": {
      "spearman": 0.8733174120712114,
      "kendall": 0.7180851063829788,
      "top5_overlap": 0.2,
      "top10_overlap": 0.4,
      "best_true_rank": 12,
      "top5_true_acc": 84.10999999999999,
      "sub_accs": {
        "0": 29.69,
        "1": 29.13,
        "2": 31.72,
        "3": 29.66,
        "4": 31.15,
        "5": 29.95,
        "6": 31.46,
        "7": 31.94,
        "8": 31.0,
        "9": 32.16,
        "10": 33.02,
        "11": 32.89,
        "12": 39.71,
        "13": 40.01,
        "14": 40.36,
        "15": 39.14,
        "16": 40.85,
        "17": 44.38,
        "18": 40.9,
        "19": 44.8,
        "20": 45.12,
        "21": 45.21,
        "22": 43.97,
        "23": 45.39,
        "24": 46.84,
        "25": 47.46,
        "26": 41.6,
        "27": 46.92,
        "28": 49.05,
        "29": 50.27,
        "30": 44.09,
        "31": 46.87,
        "32": 46.75,
        "33": 48.65,
        "34": 42.86,
        "35": 45.81,
        "36": 38.61,
        "37": 37.16,
        "38": 38.5,
        "39": 43.3,
        "40": 43.77,
        "41": 46.97,
        "42": 44.27,
        "43": 42.44,
        "44": 48.46,
        "45": 44.95,
        "46": 44.45,
        "47": 47.42
      }
    },
    "stratified": {
      "spearman": 0.8790946348937222,
      "kendall": 0.7246120446420696,
      "top5_overlap": 0.4,
      "top10_overlap": 0.4,
      "best_true_rank": 12,
      "top5_true_acc": 84.73799999999999,
      "sub_accs": {
        "0": 29.44,
        "1": 29.43,
        "2": 29.57,
        "3": 29.83,
        "4": 32.0,
        "5": 32.27,
        "6": 31.13,
        "7": 31.94,
        "8": 32.09,
        "9": 33.18,
        "10": 33.77,
        "11": 31.81,
        "12": 37.97,
        "13": 38.93,
        "14": 37.97,
        "15": 41.5,
        "16": 43.33,
        "17": 43.36,
        "18": 42.21,
        "19": 44.62,
        "20": 43.87,
        "21": 46.89,
        "22": 44.16,
        "23": 45.16,
        "24": 48.92,
        "25": 47.14,
        "26": 43.17,
        "27": 47.05,
        "28": 48.83,
        "29": 49.57,
        "30": 44.34,
        "31": 44.24,
        "32": 45.79,
        "33": 49.18,
        "34": 41.84,
        "35": 48.13,
        "36": 36.27,
        "37": 37.18,
        "38": 40.14,
        "39": 43.34,
        "40": 43.91,
        "41": 46.51,
        "42": 46.07,
        "43": 45.06,
        "44": 46.99,
        "45": 46.81,
        "46": 48.1,
        "47": 46.71
      }
    },
    "facility_location": {
      "spearman": 0.7884281372123317,
      "kendall": 0.5833333333333334,
      "top5_overlap": 0.0,
      "top10_overlap": 0.4,
      "best_true_rank": 12,
      "top5_true_acc": 81.97999999999999,
      "sub_accs": {
        "0": 18.36,
        "1": 19.28,
        "2": 19.05,
        "3": 21.58,
        "4": 21.23,
        "5": 20.05,
        "6": 20.98,
        "7": 21.7,
        "8": 20.51,
        "9": 21.68,
        "10": 22.46,
        "11": 21.22,
        "12": 21.47,
        "13": 22.08,
        "14": 22.0,
        "15": 21.39,
        "16": 22.76,
        "17": 22.14,
        "18": 23.16,
        "19": 24.31,
        "20": 22.36,
        "21": 22.66,
        "22": 23.53,
        "23": 23.39,
        "24": 24.44,
        "25": 23.82,
        "26": 24.16,
        "27": 23.28,
        "28": 22.62,
        "29": 24.6,
        "30": 23.35,
        "31": 24.15,
        "32": 23.99,
        "33": 23.13,
        "34": 21.99,
        "35": 23.02,
        "36": 20.88,
        "37": 22.28,
        "38": 21.62,
        "39": 21.24,
        "40": 21.71,
        "41": 22.47,
        "42": 22.84,
        "43": 21.79,
        "44": 23.37,
        "45": 24.5,
        "46": 23.71,
        "47": 22.68
      }
    },
    "gradient_diversity": {
      "spearman": 0.8117790771921625,
      "kendall": 0.6418114877560256,
      "top5_overlap": 0.2,
      "top10_overlap": 0.4,
      "best_true_rank": 5,
      "top5_true_acc": 83.204,
      "sub_accs": {
        "0": 19.35,
        "1": 19.53,
        "2": 18.98,
        "3": 16.19,
        "4": 18.02,
        "5": 19.76,
        "6": 21.07,
        "7": 21.17,
        "8": 20.74,
        "9": 20.5,
        "10": 21.17,
        "11": 20.9,
        "12": 23.07,