{
  "claude-3.5-haiku_P1_Direct": {
    "overall": 0.3653095370886782,
    "detective": 0.347114556416882,
    "reporter": 0.3987341772151899,
    "easy": 0.3528591352859135,
    "medium": 0.36351706036745407,
    "hard": 0.3980891719745223,
    "failures": 3,
    "total": 1793
  },
  "claude-3.5-haiku_P2_CoT": {
    "overall": 0.4735080870050195,
    "detective": 0.43583118001722654,
    "reporter": 0.5427215189873418,
    "easy": 0.4909344490934449,
    "medium": 0.44881889763779526,
    "hard": 0.49363057324840764,
    "failures": 0,
    "total": 1793
  },
  "claude-3.5-haiku_P3_Abductive": {
    "overall": 0.4221974344673731,
    "detective": 0.42377260981912146,
    "reporter": 0.41930379746835444,
    "easy": 0.42538354253835425,
    "medium": 0.431758530183727,
    "hard": 0.39171974522292996,
    "failures": 1,
    "total": 1793
  },
  "claude-3.5-haiku_P4_Elimination": {
    "overall": 0.4233128834355828,
    "detective": 0.4099913867355728,
    "reporter": 0.4477848101265823,
    "easy": 0.4281729428172943,
    "medium": 0.4120734908136483,
    "hard": 0.4394904458598726,
    "failures": 1,
    "total": 1793
  },
  "claude-3.5-haiku_P5_Counterfactual": {
    "overall": 0.47796988287785835,
    "detective": 0.4453057708871662,
    "reporter": 0.5379746835443038,
    "easy": 0.502092050209205,
    "medium": 0.47244094488188976,
    "hard": 0.43630573248407645,
    "failures": 0,
    "total": 1793
  },
  "gemini-2.0-flash_P1_Direct": {
    "overall": 0.47406581148912436,
    "detective": 0.4168819982773471,
    "reporter": 0.5791139240506329,
    "easy": 0.47280334728033474,
    "medium": 0.4553805774278215,
    "hard": 0.5222929936305732,
    "failures": 0,
    "total": 1793
  },
  "gemini-2.0-flash_P2_CoT": {
    "overall": 0.47295036252091466,
    "detective": 0.3979328165374677,
    "reporter": 0.6107594936708861,
    "easy": 0.4700139470013947,
    "medium": 0.4658792650918635,
    "hard": 0.4968152866242038,
    "failures": 0,
    "total": 1793
  },
  "gemini-2.0-flash_P3_Abductive": {
    "overall": 0.5064138315672058,
    "detective": 0.46683893195521103,
    "reporter": 0.5791139240506329,
    "easy": 0.5285913528591353,
    "medium": 0.4763779527559055,
    "hard": 0.5286624203821656,
    "failures": 0,
    "total": 1793
  },
  "gemini-2.0-flash_P4_Elimination": {
    "overall": 0.46960401561628556,
    "detective": 0.4582256675279931,
    "reporter": 0.49050632911392406,
    "easy": 0.45188284518828453,
    "medium": 0.47244094488188976,
    "hard": 0.5031847133757962,
    "failures": 0,
    "total": 1793
  },
  "gemini-2.0-flash_P5_Counterfactual": {
    "overall": 0.4735080870050195,
    "detective": 0.4702842377260982,
    "reporter": 0.47943037974683544,
    "easy": 0.4811715481171548,
    "medium": 0.4776902887139108,
    "hard": 0.445859872611465,
    "failures": 0,
    "total": 1793
  },
  "gpt-4o-mini_P1_Direct": {
    "overall": 0.49079754601226994,
    "detective": 0.3970714900947459,
    "reporter": 0.6629746835443038,
    "easy": 0.500697350069735,
    "medium": 0.46062992125984253,
    "hard": 0.5414012738853503,
    "failures": 0,
    "total": 1793
  },
  "gpt-4o-mini_P2_CoT": {
    "overall": 0.5554935861684328,
    "detective": 0.48234280792420325,
    "reporter": 0.689873417721519,
    "easy": 0.5899581589958159,
    "medium": 0.531496062992126,
    "hard": 0.535031847133758,
    "failures": 0,
    "total": 1793
  },
  "gpt-4o-mini_P3_Abductive": {
    "overall": 0.49191299498047963,
    "detective": 0.45391903531438416,
    "reporter": 0.5617088607594937,
    "easy": 0.5467224546722455,
    "medium": 0.45144356955380577,
    "hard": 0.46496815286624205,
    "failures": 0,
    "total": 1793
  },
  "gpt-4o-mini_P4_Elimination": {
    "overall": 0.5119910764082544,
    "detective": 0.4935400516795866,
    "reporter": 0.5458860759493671,
    "easy": 0.5439330543933054,
    "medium": 0.484251968503937,
    "hard": 0.5063694267515924,
    "failures": 0,
    "total": 1793
  },
  "gpt-4o-mini_P5_Counterfactual": {
    "overall": 0.45454545454545453,
    "detective": 0.4487510766580534,
    "reporter": 0.4651898734177215,
    "easy": 0.4909344490934449,
    "medium": 0.43832020997375326,
    "hard": 0.410828025477707,
    "failures": 2,
    "total": 1793
  },
  "random_baseline": {
    "overall": 0.3268265476854434,
    "detective": 0.3298880275624462,
    "reporter": 0.3212025316455696,
    "easy": 0.30962343096234307,
    "medium": 0.3346456692913386,
    "hard": 0.3471337579617834,
    "failures": 0,
    "total": 1793
  },
  "majority_baseline": {
    "overall": 0.34467373117679867,
    "detective": 0.34022394487510765,
    "reporter": 0.3528481012658228,
    "easy": 0.33751743375174337,
    "medium": 0.34776902887139105,
    "hard": 0.3535031847133758,
    "failures": 0,
    "total": 1793
  }
}