{
  "cifar100_clean": {
    "tau": -0.2200492746057677,
    "pval": 2.7430541113848045e-05
  },
  "imagenet16_clean": {
    "tau": -0.4080147223446717,
    "pval": 8.821674279971376e-14
  },
  "mean_corrupted_acc": {
    "tau": 0.8596367483688945,
    "pval": 2.4206556458337003e-39
  }
}