{
  "Random Search": {
    "pool_size": 200,
    "clean_top10": {
      "cifar10": 85.65825460950073,
      "cifar100": 65.7271604850501,
      "imagenet16": 43.065573175995965,
      "corrupted": 73.1846513215337,
      "corruption_gap": 12.473603287967025
    },
    "sasc_top10": {
      "cifar10": 84.90434026753262,
      "cifar100": 66.57288127452567,
      "imagenet16": 43.54774758426098,
      "corrupted": 72.79221561133281,
      "corruption_gap": 12.112124656199827
    }
  },
  "Reg. Evolution": {
    "pool_size": 80,
    "clean_top10": {
      "cifar10": 77.49381961796051,
      "cifar100": 59.081864731533685,
      "imagenet16": 38.2204915149314,
      "corrupted": 65.57453351100895,
      "corruption_gap": 11.919286106951564
    },
    "sasc_top10": {
      "cifar10": 74.80387829966631,
      "cifar100": 58.37523721863282,
      "imagenet16": 40.99664555964926,
      "corrupted": 63.71877128054855,
      "corruption_gap": 11.085107019117768
    }
  },
  "DARTS-like": {
    "pool_size": 200,
    "clean_top10": {
      "cifar10": 91.74398121687214,
      "cifar100": 69.72700228442974,
      "imagenet16": 44.04807304355417,
      "corrupted": 78.97703021202884,
      "corruption_gap": 12.766951004843296
    },
    "sasc_top10": {
      "cifar10": 88.30965157100671,
      "cifar100": 69.49208965227407,
      "imagenet16": 46.28522358602253,
      "corrupted": 76.01493691599121,
      "corruption_gap": 12.294714655015488
    }
  },
  "ENAS-like": {
    "pool_size": 200,
    "clean_top10": {
      "cifar10": 87.84105390284529,
      "cifar100": 68.3431653904722,
      "imagenet16": 44.45335709908976,
      "corrupted": 75.09244647015348,
      "corruption_gap": 12.748607432691838
    },
    "sasc_top10": {
      "cifar10": 86.37405779905988,
      "cifar100": 66.48117916647642,
      "imagenet16": 45.005053951719745,
      "corrupted": 73.96561441931269,
      "corruption_gap": 12.408443379747208
    }
  }
}