,cifar10_clean,cifar100_clean,imagenet16_clean,mean_corrupted_acc,noise_mean_acc,blur_mean_acc,weather_mean_acc,digital_mean_acc
cifar10_clean,0.9999999999999998,0.9077452420979935,0.7218449093373648,0.9970800786416273,0.98999659504827,0.9960868825414648,0.9950514899603106,0.9949264153332219
cifar100_clean,0.9077452420979936,1.0,0.669350951403193,0.9031557049740807,0.8967015305042283,0.9023616989979525,0.902040454626422,0.9005367408711383
imagenet16_clean,0.7218449093373648,0.6693509514031929,1.0,0.7177579058715337,0.7128463477435244,0.716850120852538,0.716489408110649,0.7164938267363475
mean_corrupted_acc,0.9970800786416273,0.9031557049740807,0.7177579058715337,0.9999999999999998,0.9953192438880962,0.9975243645151655,0.9977725058700265,0.9978023131591894
noise_mean_acc,0.98999659504827,0.8967015305042283,0.7128463477435245,0.9953192438880962,0.9999999999999998,0.9892673181013248,0.989679163425092,0.9937177385031013
blur_mean_acc,0.9960868825414648,0.9023616989979525,0.7168501208525381,0.9975243645151655,0.9892673181013248,0.9999999999999998,0.9953758219706687,0.9928984773111416
weather_mean_acc,0.9950514899603106,0.902040454626422,0.7164894081106489,0.9977725058700265,0.989679163425092,0.9953758219706687,0.9999999999999998,0.9933389817648043
digital_mean_acc,0.9949264153332219,0.9005367408711384,0.7164938267363474,0.9978023131591894,0.9937177385031013,0.9928984773111416,0.9933389817648043,0.9999999999999998
