pool_size,overlap_mean,overlap_std
100,0.04,0.08
200,0.08499999999999999,0.10618380290797652
500,0.32000000000000006,0.13638181696985857
1000,0.61,0.2165640782770772
5000,1.0,0.0
