strategy,cifar10_clean_mean,cifar10_clean_std,cifar100_clean_mean,cifar100_clean_std,imagenet16_clean_mean,imagenet16_clean_std,mean_corrupted_acc_mean,mean_corrupted_acc_std,corruption_gap_mean,corruption_gap_std,noise_mean_acc_mean,noise_mean_acc_std,blur_mean_acc_mean,blur_mean_acc_std,weather_mean_acc_mean,weather_mean_acc_std,digital_mean_acc_mean,digital_mean_acc_std
Random,63.007429042749926,10.477384564472747,49.49867281261887,8.724539595241339,33.46318246998757,6.211628027258661,52.37838902025258,9.173041966031073,10.629040022497335,1.5117547749890337,53.450473140618755,9.169748595267288,53.0839738182417,9.2261982322539,52.59178030812905,9.553670396878301,53.22676929512502,9.299277534587208
Clean (CIFAR-10),89.11435165580171,1.7212739666764862,68.47710861794218,3.5136211506911716,44.29586620057912,3.4985172796692514,76.42354133857867,1.7193000735241286,12.690810317223052,0.28372483881790955,77.80758468055917,2.04426724049431,76.84322785366062,1.9225378198140277,77.56397833665413,1.794439595941744,77.58806238586484,1.8286864731826595
Clean (CIFAR-100),85.40119401576419,3.5279938602422227,71.83983262411098,1.0399283391342022,43.29485792391539,3.6379206307802754,72.86065606168269,3.4192929800202725,12.540537954081508,0.3382820666325815,74.29216163416379,3.6897136735828324,73.49189524121373,3.3229148532398227,73.72944718233656,3.5552545663393347,73.88452938522109,3.5863701517964848
Worst-Case,67.5999034552371,7.353135670747619,53.5568316696714,6.646714638554694,35.328404378671614,5.997498083938697,55.79374820117589,6.705397052066964,11.806155254061219,0.9109928167997746,54.403317654072495,6.915459315137174,57.4745742991408,6.667714680076668,57.302018629599914,6.913519931886408,56.22366199517329,6.80575150389192
SASC-Global,87.20253455278896,3.391303564953307,69.14854974226405,3.255047311880657,46.28040289876528,1.6043877020779853,74.84312420851946,2.989214201337792,12.35941034426951,0.546669773082325,76.32738675414011,3.1186623499713257,75.43036930196547,2.965619771556583,75.86613124520758,3.115317834211555,75.81533137959582,3.214191537375412
SASC-Pool,87.5459129088911,3.2916065691726675,69.28145915741504,3.319550688936992,45.983486184542045,1.9151705618896777,75.15551927243256,2.8956107394643253,12.390393636458533,0.5332462190253333,76.66845618486657,2.9913395052225695,75.7074798824691,2.8859690648674645,76.20171146491492,3.0307350385980607,76.13493974920976,3.1287937842700693
